{"type": "block", "layer": 1, "block": 0, "features": [{"geom": {"polygons": [[[[3.0272579345876904, -5.193923881663991], [4.216834236315947, -4.595423694818649], [4.261303677582429, -4.661940380134071], [4.356616763368759, -4.62084551702578], [4.476001840093047, -4.618520807587572], [4.555566894408991, -4.644317583059485], [4.672627261739137, -4.740380574998201], [4.7135721435759725, -4.822420319988886], [4.720621262427082, -4.939555677907897], [4.6625035271979804, -5.083387698767544], [4.729995090684214, -5.098910758391379], [4.795536897893083, -5.1411304808568214], [4.818933973235195, -5.200448066149113], [4.952342297070245, -5.32620734603878], [4.989837610109415, -5.469139479382508], [4.966215562906829, -5.582075362329224], [5.029582641941033, -5.614471312768862], [5.0721773175704365, -5.684812520050162], [5.065953095608588, -5.759803146121389], [4.998011588343044, -5.837118481668615], [4.8530547081120705, -5.935056239314655], [4.889350171145324, -5.980875511910738], [4.654479530204436, -6.136706032995264], [4.516741345502218, -6.228053997008907], [4.516723016509461, -6.228066152767947], [4.373264682360789, -6.323207719965974], [3.8631784436681027, -6.661565424966523], [3.0272579345876904, -5.193923881663991]]]], "centroids": [[4.098249408962962, -5.542255482207726, 10.226149918688897]], "h": 1.8747656523809508}, "mtl": {"face": 0}}, {"geom": {"polygons": [[[[-6.65943121940416, 15.396327315902433], [-6.289652442119503, 15.546383558733067], [-6.3384713397197645, 15.719086970612251], [-6.167192749697947, 15.780429302771745], [-6.19561419701088, 15.85272026638033], [-5.902625820852614, 15.964006355499423], [-5.917099011683213, 16.0809167415431], [-5.893776926956296, 16.191002980658606], [-5.813836919536946, 16.324486295122096], [-5.720548580687113, 16.387853374206895], [-5.620511085476554, 16.417849624643736], [-5.480578577179157, 16.41784962463624], [-5.357293987869294, 16.364456298816904], [-5.234834295462331, 16.230673021880207], [-4.912824547011435, 16.338284570375126], [-4.896101637388789, 16.27971689140751], [-4.759543707286829, 16.268543288017465], [-4.62846009286324, 16.215524915443268], [-4.491902162745593, 16.293665147837878], [-4.338546332387372, 16.28811584145618], [-4.201913411633246, 16.20712596527441], [-4.118298863545533, 16.05084550051999], [-4.1182988635440285, 15.955982358535605], [-4.140646070115145, 15.875067472941893], [-4.1935894521457575, 15.788528290351165], [-4.26888004072416, 15.724336314531508], [-4.436109136921279, 15.699214454738936], [-4.480728559463859, 15.584778759289641], [-4.533072016475631, 15.50888824568354], [-4.508025147355671, 15.468843251391538], [-4.8503573554763815, 15.291265448832222], [-4.837908911557859, 15.161156712579716], [-4.85455683054607, 14.984103844309743], [-4.974541832291251, 14.864118842549015], [-5.0945268340350625, 14.819124466888567], [-5.214511835800706, 14.804126341649281], [-5.334496837536607, 14.819124466944906], [-5.469479964514662, 14.9241113433965], [-5.540046143684252, 15.06111921733724], [-5.994414347175464, 14.879116967727331], [-6.095651692405291, 15.059094470375655], [-6.469554954132439, 14.951032978139757], [-6.65943121940416, 15.396327315902433]]]], "centroids": [[-5.368594212934536, 15.624141916785282, 13.239475404088788]], "h": 1.8747656523809508}, "mtl": {"face": 0}}, {"geom": {"polygons": [[[[46.06940262258531, 25.649270687630654], [46.82170858357282, 25.91548741020595], [46.60153610535449, 26.53573487863643], [47.79283719150907, 26.935959850123876], [47.92842024347037, 26.894340052654357], [48.00858522276628, 26.75560739442848], [47.99216227565326, 26.623473911200882], [47.922945927766214, 26.490665512363528], [49.07735162588832, 26.87056802419588], [49.227932803072946, 26.83397259866937], [49.345518104810424, 26.55358264760613], [49.42920764353502, 26.55553240389032], [49.493399619462984, 26.36528118546623], [49.41923389026792, 26.319461913015], [49.486650463127766, 26.052345302891872], [49.35721664247029, 25.908063338231514], [48.341318630752475, 25.52951065767009], [48.50637299878121, 25.47326768807397], [48.58181356864443, 25.331385423588696], [48.584438240552295, 25.140234317719468], [48.515221892681346, 25.058719507114148], [47.33636925046234, 24.619949353851872], [47.11589680972907, 25.14458377401328], [46.33164484204523, 24.903188948539793], [46.06940262258531, 25.649270687630654]]]], "centroids": [[47.775413517619235, 25.860672190899624, 0.0]], "h": 1.8747656523809508}, "mtl": {"face": 0}}, {"geom": {"polygons": [[[[19.359091438711683, 29.043046462074617], [20.499998824141407, 29.238172071273247], [20.477351655044163, 29.37158039509452], [21.39501194658613, 29.52883573802877], [21.415559378144767, 29.408550773803018], [21.47870148529709, 29.41934942393865], [21.839181424945544, 29.481141699752648], [21.938918957647157, 28.90108920696022], [22.067227918916377, 28.922761497866464], [22.196961702041474, 28.166631014873385], [22.22148363677047, 28.023548900351788], [22.096699234960216, 28.002401543802527], [22.19703669268177, 27.417849613472804], [21.803260915040923, 27.350807993685677], [21.82080872156552, 27.24544616398321], [20.912072314544762, 27.089465661719988], [20.894749479895637, 27.19227781012337], [20.24878022670924, 27.081591646013987], [20.263028445679232, 26.99782711663422], [19.77483946980495, 26.914212568520313], [19.359091438711683, 29.043046462074617]]]], "centroids": [[20.823823318114254, 28.239286748756406, 13.718646864741853]], "h": 1.8747656523809508}, "mtl": {"face": 0}}, {"geom": {"polygons": [[[[-36.616386569427014, 12.53670977104628], [-36.31064978683896, 12.680991735684962], [-36.07090475521084, 12.796252327971542], [-35.97424183817266, 12.573905121639525], [-35.392464560911364, 12.78305397776531], [-35.414886758134365, 12.865318694602406], [-34.19688900909631, 13.311362938651689], [-34.013011993888334, 13.097414682448148], [-33.93449680839113, 12.958906995912894], [-33.84660779460598, 12.618374562883771], [-33.87592912940319, 12.423173963220677], [-33.96591788069979, 12.318187086603897], [-34.250882259872284, 12.168205834439066], [-34.98953992692419, 11.916987236954919], [-36.20468803216581, 11.64357141430889], [-36.502775770891546, 12.248145841883922], [-36.616386569427014, 12.53670977104628]]]], "centroids": [[-35.16072833822245, 12.43919961762944, 11.975618428164749]], "h": 1.8747656523809508}, "mtl": {"face": 0}}, {"geom": {"polygons": [[[[3.0272579345876904, -5.193923881663991], [4.216834236315947, -4.595423694818649], [4.261303677582429, -4.661940380134071], [4.356616763368759, -4.62084551702578], [4.476001840093047, -4.618520807587572], [4.555566894408991, -4.644317583059485], [4.672627261739137, -4.740380574998201], [4.7135721435759725, -4.822420319988886], [4.720621262427082, -4.939555677907897], [4.6625035271979804, -5.083387698767544], [4.729995090684214, -5.098910758391379], [4.795536897893083, -5.1411304808568214], [4.818933973235195, -5.200448066149113], [4.952342297070245, -5.32620734603878], [4.989837610109415, -5.469139479382508], [4.966215562906829, -5.582075362329224], [5.029582641941033, -5.614471312768862], [5.0721773175704365, -5.684812520050162], [5.065953095608588, -5.759803146121389], [4.998011588343044, -5.837118481668615], [4.8530547081120705, -5.935056239314655], [4.889350171145324, -5.980875511910738], [4.654479530204436, -6.136706032995264], [4.516741345502218, -6.228053997008907], [4.516723016509461, -6.228066152767947], [4.373264682360789, -6.323207719965974], [3.8631784436681027, -6.661565424966523], [3.0272579345876904, -5.193923881663991]]]], "centroids": [[4.098249408962962, -5.542255482207726, 10.226149918688897]], "h": 1.8747656523809508},